study_title,authors,year,journal,key_finding,tags
"Effects of Resistance Training Frequency on Muscle Hypertrophy",Smith et al.,2020,Journal of Strength and Conditioning Research,"Training each muscle group 2-3 times per week yields superior hypertrophy compared to once per week.",resistance training; frequency; hypertrophy
"Protein Timing and Muscle Protein Synthesis: A Meta-Analysis",Johnson et al.,2019,American Journal of Clinical Nutrition,"Total daily protein intake is more important than immediate post-workout consumption for muscle growth.",protein; timing; muscle
"The Impact of Sleep Duration on Athletic Performance",Lee et al.,2018,Sports Medicine,"Athletes sleeping less than 7 hours per night exhibit slower reaction times and reduced accuracy.",sleep; performance; athletes
"Foam Rolling and Delayed-Onset Muscle Soreness: A Systematic Review",Chen et al.,2017,Journal of Athletic Training,"Foam rolling reduces perceived DOMS by 20-30% without impairing subsequent performance.",foam rolling; DOMS; recovery
"Caffeine Dose-Response for Anaerobic Performance",Williams et al.,2021,European Journal of Sport Science,"3-6 mg/kg caffeine 30-60 min pre-exercise improves peak power output by 5-8%.",caffeine; performance; dose
"High-Intensity Interval Training vs. Moderate Continuous Training for Fat Loss",Garcia et al.,2019,Obesity Reviews,"HIIT and MICT result in similar fat loss when energy expenditure is matched; HIIT is more time-efficient.",HIIT; fat loss; cardio
"Safety of Creatine Supplementation in Healthy Adults: A Systematic Review",Adams et al.,2020,Journal of Dietary Supplements,"Creatine monohydrate at 3-5 g/day is safe for long-term use with no adverse renal effects.",creatine; safety; supplements
"Dynamic vs. Static Stretching on Power Output",Thompson et al.,2016,Scandinavian Journal of Medicine & Science in Sports,"Dynamic stretching before exercise enhances power, while static stretching may temporarily reduce it.",stretching; power; warm-up
"Resistance Training for Bone Health in Postmenopausal Women",Martinez et al.,2017,Osteoporosis International,"Progressive resistance training 2x/week increases lumbar spine BMD by 2-3% over 12 months.",bone health; resistance training; women
"Effects of Hydration Status on Cognitive Function in Athletes",Brown et al.,2019,Journal of the International Society of Sports Nutrition,"Dehydration of 2% body mass impairs attention and short-term memory during prolonged exercise.",hydration; cognitive; athletes
"Nutritional Strategies for Endurance Athletes: A Practical Review",Wilson et al.,2018,Sports Medicine,"Carbohydrate intake of 6-10 g/kg/day supports high-volume training; race-day fueling with 30-90 g/h.",endurance; nutrition; carbohydrates
"Overtraining Syndrome: Pathophysiology and Diagnosis",Taylor et al.,2019,Medicine & Science in Sports & Exercise,"Persistent fatigue, performance decline, and mood disturbances beyond 3 weeks indicate overtraining; rest is primary treatment.",overtraining; recovery; diagnosis
"Benefits of Yoga for Flexibility and Balance in Healthy Adults",Patel et al.,2020,International Journal of Yoga,"Twice-weekly yoga improves sit-and-reach scores by 4-6 cm and single-leg stance time by 25%.",yoga; flexibility; balance
"Resistance Training for Youth: Updated Position Stand",Faigenbaum et al.,2020,Journal of Strength and Conditioning Research,"Supervised resistance training 2-3x/week is safe and effective for children and adolescents, improving strength by 30-50%.",youth; resistance training; safety
"The Role of Omega-3 Fatty Acids in Muscle Recovery",Kim et al.,2021,Nutrients,"Omega-3 supplementation (3-5 g/day) reduces muscle soreness and may enhance protein synthesis in older adults.",omega-3; recovery; soreness
"Inter-Set Rest Periods and Hypertrophy: A Dose-Response",Anderson et al.,2019,European Journal of Applied Physiology,"3-minute rest intervals produce greater hypertrophy and strength gains than 1-minute rests.",rest; hypertrophy; training
"Resistance Training for Type 2 Diabetes Management",Davis et al.,2018,Diabetes Care,"Resistance training 2-3x/week reduces HbA1c by 0.5-0.8% and improves insulin sensitivity.",diabetes; resistance training; health
"Music and Exercise Performance: A Meta-Analysis",Perez et al.,2017,Psychology of Sport and Exercise,"Music during exercise improves endurance by 15% and reduces perceived exertion; high-tempo music most effective.",music; performance; motivation
"Cold Water Immersion for Recovery: A Systematic Review",Miller et al.,2016,Journal of Science and Medicine in Sport,"CWI at 10-15°C for 10-15 min reduces DOMS but may attenuate long-term strength adaptations if used chronically.",cold water immersion; recovery; adaptation
"Comparison of Free Weights vs. Machines for Strength Gains",Clark et al.,2020,Journal of Strength and Conditioning Research,"Free weights and machines produce similar strength gains in untrained individuals; free weights superior for experienced lifters due to stabilizer activation.",free weights; machines; strength
"Breakfast Skipping and Exercise Performance",Roberts et al.,2019,International Journal of Sport Nutrition and Exercise Metabolism,"Skipping breakfast before morning exercise increases fat oxidation but may impair high-intensity performance.",breakfast; fasted; performance
"Mobility Training for Injury Prevention in Runners",Hughes et al.,2021,Journal of Orthopaedic & Sports Physical Therapy,"A 15-min daily mobility routine reduces running-related injuries by 30% over 6 months.",mobility; injury prevention; running
"Effect of Sleep Extension on Athletic Performance",Mah et al.,2018,Sleep,"Extending sleep to 10 hours per night for 6 weeks improved sprint times and shooting accuracy in basketball players.",sleep extension; performance; athletes
"The Anabolic Window: Myth or Reality?",Aragon et al.,2020,Journal of the International Society of Sports Nutrition,"The post-exercise anabolic window is wider than previously thought; total daily protein and energy intake are primary.",anabolic window; protein timing; myth
"Effects of Heat Therapy on Muscle Recovery",Sawka et al.,2019,Temperature,"Post-exercise sauna (80°C, 15 min) increases blood flow and may reduce DOMS; hydration critical.",sauna; heat; recovery
"Long-Term Effects of Ketogenic Diets on Strength Athletes",Vargas et al.,2021,Journal of the International Society of Sports Nutrition,"A 12-week ketogenic diet preserved strength but reduced high-intensity exercise capacity compared to a moderate-carb diet.",ketogenic; strength; performance
"Biomechanics of the Squat: Implications for Injury Prevention",Schoenfeld et al.,2019,Journal of Strength and Conditioning Research,"Knee tracking over toes is safe; lumbar flexion under load is the primary injury risk.",squat; biomechanics; injury prevention
"Practical Strategies for Weight Loss Maintenance in Athletes",Thomas et al.,2020,Obesity,"High-protein diet, regular weigh-ins, and cognitive behavioral strategies are most effective for long-term weight maintenance.",weight loss; maintenance; athletes
"Exercise and Immunity: The Open Window Theory",Nieman et al.,2019,Exercise Immunology Review,"Moderate exercise boosts immune function; prolonged intense exercise (>90 min) temporarily suppresses immunity for 3-24 hours.",immunity; exercise; health
"The Effect of Intermittent Fasting on Resistance Training Outcomes",Tinsley et al.,2020,Journal of Translational Medicine,"Intermittent fasting can preserve muscle mass during weight loss when combined with resistance training; meal timing less critical than total intake.",intermittent fasting; resistance training; body composition